district_code,state,district,population,households,rural_pct
203,Bihar,Pashchim Champaran,3935042,936134,0.8968
204,Bihar,Purba Champaran,5099371,1243825,0.9183
205,Bihar,Sheohar,656246,166000,0.9547
206,Bihar,Sitamarhi,3423574,856964,0.942
207,Bihar,Madhubani,4487379,1088786,0.9621
208,Bihar,Supaul,2229076,600102,0.9536
209,Bihar,Araria,2811569,703274,0.9371
210,Bihar,Kishanganj,1690400,445150,0.9026
211,Bihar,Purnia,3264619,798596,0.8926
212,Bihar,Katihar,3071029,738070,0.9054
213,Bihar,Madhepura,2001762,510278,0.953
214,Bihar,Saharsa,1900661,470697,0.9192
215,Bihar,Darbhanga,3937385,1002713,0.9047

216,Bihar,Muzaffarpur,4801062,1119394,0.8922
217,Bihar,Gopalganj,2562012,554058,0.9312
218,Bihar,Siwan,3330464,674372,0.9379
219,Bihar,Saran,3951862,777622,0.9019
220,Bihar,Vaishali,3495021,750811,0.9314
221,Bihar,Samastipur,4261566,1056465,0.9588
222,Bihar,Begusarai,2970541,733625,0.8102
223,Bihar,Khagaria,1666886,394703,0.9468
224,Bihar,Bhagalpur,3037766,653161,0.8
225,Bihar,Banka,2034763,444096,0.9584
226,Bihar,Munger,1367765,308063,0.7215
227,Bihar,Lakhisarai,1000912,207645,0.847
228,Bihar,Sheikhpura,636342,132638,0.8165
229,Bihar,Nalanda,2877653,616663,0.8337
230,Bihar,Patna,5838465,1210094,0.5438
231,Bihar,Bhojpur,2728407,511927,0.8489
232,Bihar,Buxar,1706352,334657,0.8942
233,Bihar,Kaimur (Bhabua),1626384,340442,0.9551
234,Bihar,Rohtas,2959918,608061,0.8427
235,Bihar,Aurangabad,2540073,477297,0.8973
236,Bihar,Gaya,4391418,807571,0.8622
237,Bihar,Nawada,2219146,424874,0.8933
238,Bihar,Jamui,1760405,356760,0.9135
239,Bihar,Jehanabad,1125313,214792,0.869
240,Bihar,Arwal,700843,144294,0.931
602,Tamil Nadu,Thiruvallur,3728104,1119433,0.3459
603,Tamil Nadu,Chennai,4646732,1314125,0.0
604,Tamil Nadu,Kancheepuram,3998252,1213504,0.3616
605,Tamil Nadu,Vellore,3936331,1140300,0.5731
606,Tamil Nadu,Tiruvannamalai,2464875,710163,0.7929
607,Tamil Nadu,Viluppuram,3458873,967314,0.8353
608,Tamil Nadu,Salem,3482056,1170352,0.4894
609,Tamil Nadu,Namakkal,1726601,627484,0.5902
610,Tamil Nadu,Erode,2251744,843684,0.4875
611,Tamil Nadu,The Nilgiris,735394,264105,0.4246
612,Tamil Nadu,Dindigul,2159775,713542,0.622
613,Tamil Nadu,Karur,1064493,364661,0.582
614,Tamil Nadu,Tiruchirappalli,2722290,875727,0.5169
615,Tamil Nadu,Perambalur,565223,188592,0.8241
616,Tamil Nadu,Ariyalur,754894,254277,0.8808
617,Tamil Nadu,Cuddalore,2605914,758209,0.6561
618,Tamil Nadu,Nagapattinam,1616450,517740,0.7707
619,Tamil Nadu,Thiruvarur,1264277,408179,0.7872
620,Tamil Nadu,Thanjavur,2405890,753372,0.6359
621,Tamil Nadu,Pudukkottai,1618345,503941,0.7932
622,Tamil Nadu,Sivaganga,1339101,452417,0.6835
623,Tamil Nadu,Madurai,3038252,1010441,0.4134
624,Tamil Nadu,Theni,1245899,410623,0.4611
625,Tamil Nadu,Virudhunagar,1942288,734724,0.4951
626,Tamil Nadu,Ramanathapuram,1353445,417239,0.6962
627,Tamil Nadu,Thoothukkudi,1750176,636739,0.5278
628,Tamil Nadu,Tirunelveli,3077233,1064667,0.5147
629,Tamil Nadu,Kanniyakumari,1870374,598041,0.1743
630,Tamil Nadu,Dharmapuri,1506843,487926,0.8133
631,Tamil Nadu,Krishnagiri,1879809,580540,0.7544
632,Tamil Nadu,Coimbatore,3458045,1169752,0.2435
633,Tamil Nadu,Tiruppur,2479052,894908,0.3988
