district_code,category,coverage_pct,index_score
203,electricity,6.15,0.148
203,water,31.63,0.316
203,roads,47.88,0.479
203,health,44.51,0.445
203,education,77.87,0.779
203,sanitation,73.99,0.74
203,housing,87.99,0.88
203,agriculture,35.65,0.357
203,transport,57.42,0.574
204,electricity,6.03,0.135
204,water,44.21,0.442
204,roads,62.85,0.628
204,health,31.72,0.317
204,education,42.92,0.429
204,sanitation,72.24,0.722
204,housing,65.42,0.654
204,agriculture,44.33,0.443
204,transport,68.3,0.683
205,electricity,6.03,0.15
205,water,30.42,0.304
205,roads,82.38,0.824
205,health,75.38,0.754
205,education,52.12,0.521
205,sanitation,40.11,0.401
205,housing,92.22,0.922
205,agriculture,51.88,0.519
205,transport,36.03,0.36
206,electricity,7.73,0.152
206,water,85.09,0.851
206,roads,69.24,0.692
206,health,82.46,0.825
206,education,77.43,0.774
206,sanitation,64.85,0.649
206,housing,93.25,0.933
206,agriculture,54.6,0.546
206,transport,65.88,0.659
207,electricity,10.4,0.19
207,water,70.2,0.702
207,roads,86.01,0.86
207,health,67.53,0.675
207,education,75.8,0.758
207,sanitation,32.98,0.33
207,housing,44.81,0.448
207,agriculture,48.81,0.488
207,transport,35.19,0.352
208,electricity,8.5,0.161
208,water,36.57,0.366
208,roads,48.07,0.481
208,health,71.32,0.713
208,education,53.71,0.537
208,sanitation,54.06,0.541
208,housing,43.62,0.436
208,agriculture,47.35,0.474
208,transport,90.88,0.909
209,electricity,6.16,0.148
209,water,69.59,0.696
209,roads,41.12,0.411
209,health,77.39,0.774
209,education,40.62,0.406
209,sanitation,54.66,0.547
209,housing,94.32,0.943
209,agriculture,71.6,0.716
209,transport,66.2,0.662
210,electricity,13.19,0.212
210,water,84.79,0.848
210,roads,80.44,0.804
210,health,44.89,0.449
210,education,32.09,0.321
210,sanitation,50.5,0.505
210,housing,47.4,0.474
210,agriculture,43.71,0.437
210,transport,91.29,0.913
211,electricity,10.78,0.195
211,water,50.45,0.505
211,roads,72.6,0.726
211,health,55.72,0.557
211,education,89.45,0.894
211,sanitation,59.83,0.598
211,housing,47.22,0.472
211,agriculture,46.03,0.46
211,transport,66.49,0.665
212,electricity,8.25,0.16
212,water,68.0,0.68
212,roads,88.36,0.884
212,health,55.96,0.56
212,education,44.26,0.443
212,sanitation,94.84,0.948
212,housing,63.12,0.631
212,agriculture,35.91,0.359
212,transport,33.06,0.331
213,electricity,4.55,0.123
213,water,70.78,0.708
213,roads,81.49,0.815
213,health,57.44,0.574
213,education,34.13,0.341
213,sanitation,54.81,0.548
213,housing,94.75,0.947
213,agriculture,64.39,0.644
213,transport,93.12,0.931
214,electricity,8.78,0.176
214,water,30.75,0.307
214,roads,76.85,0.768
214,health,74.31,0.743
214,education,64.9,0.649
214,sanitation,47.34,0.473
214,housing,71.66,0.717
214,agriculture,37.25,0.373
214,transport,58.26,0.583
215,electricity,12.71,0.203
215,water,92.0,0.92
215,roads,86.93,0.869
215,health,47.12,0.471
215,education,62.54,0.625
215,sanitation,41.61,0.416
215,housing,89.32,0.893
215,agriculture,86.58,0.866
215,transport,49.4,0.494
216,electricity,16.14,0.238
216,water,69.58,0.696
216,roads,39.93,0.399
216,health,79.56,0.796
216,education,65.06,0.651
216,sanitation,80.61,0.806
216,housing,64.47,0.645
216,agriculture,30.04,0.3
216,transport,51.07,0.511
217,electricity,12.52,0.193
217,water,90.39,0.904
217,roads,87.12,0.871
217,health,84.06,0.841
217,education,49.99,0.5
217,sanitation,33.77,0.338
217,housing,87.07,0.871
217,agriculture,91.55,0.916
217,transport,35.57,0.356
218,electricity,7.85,0.16
218,water,34.5,0.345
218,roads,79.44,0.794
218,health,79.78,0.798
218,education,38.35,0.383
218,sanitation,60.89,0.609
218,housing,65.74,0.657
218,agriculture,47.23,0.472
218,transport,86.71,0.867
219,electricity,12.19,0.198
219,water,43.77,0.438
219,roads,65.05,0.651
219,health,77.45,0.774
219,education,43.07,0.431
219,sanitation,50.26,0.503
219,housing,94.68,0.947
219,agriculture,72.24,0.722
219,transport,58.48,0.585
220,electricity,9.32,0.174
220,water,37.87,0.379
220,roads,44.61,0.446
220,health,51.98,0.52
220,education,68.24,0.682
220,sanitation,44.96,0.45
220,housing,44.31,0.443
220,agriculture,34.61,0.346
220,transport,71.02,0.71
221,electricity,8.33,0.16
221,water,88.85,0.889
221,roads,85.88,0.859
221,health,34.61,0.346
221,education,45.47,0.455
221,sanitation,73.48,0.735
221,housing,43.93,0.439
221,agriculture,38.6,0.386
221,transport,90.81,0.908
222,electricity,16.41,0.239
222,water,60.72,0.607
222,roads,81.0,0.81
222,health,82.49,0.825
222,education,42.38,0.424
222,sanitation,36.3,0.363
222,housing,58.02,0.58
222,agriculture,57.53,0.575
222,transport,60.36,0.604
223,electricity,10.3,0.187
223,water,73.77,0.738
223,roads,93.97,0.94
223,health,36.4,0.364
223,education,56.17,0.562
223,sanitation,52.05,0.521
223,housing,86.01,0.86
223,agriculture,46.16,0.462
223,transport,42.36,0.424
224,electricity,26.72,0.329
224,water,57.42,0.574
224,roads,48.11,0.481
224,health,46.24,0.462
224,education,90.01,0.9
224,sanitation,58.8,0.588
224,housing,85.99,0.86
224,agriculture,65.77,0.658
224,transport,33.29,0.333
225,electricity,14.04,0.226
225,water,84.34,0.843
225,roads,92.98,0.93
225,health,90.21,0.902
225,education,85.17,0.852
225,sanitation,40.81,0.408
225,housing,61.57,0.616
225,agriculture,43.89,0.439
225,transport,56.07,0.561
226,electricity,29.36,0.345
226,water,54.63,0.546
226,roads,94.05,0.94
226,health,47.24,0.472
226,education,80.96,0.81
226,sanitation,59.58,0.596
226,housing,57.5,0.575
226,agriculture,92.23,0.922
226,transport,94.7,0.947
227,electricity,21.43,0.284
227,water,76.7,0.767
227,roads,40.06,0.401
227,health,49.29,0.493
227,education,92.97,0.93
227,sanitation,67.65,0.676
227,housing,65.24,0.652
227,agriculture,78.62,0.786
227,transport,33.72,0.337
228,electricity,15.13,0.228
228,water,62.69,0.627
228,roads,85.43,0.854
228,health,40.23,0.402
228,education,92.45,0.925
228,sanitation,35.21,0.352
228,housing,42.08,0.421
228,agriculture,68.68,0.687
228,transport,73.89,0.739
229,electricity,16.44,0.233
229,water,37.79,0.378
229,roads,87.87,0.879
229,health,46.0,0.46
229,education,68.64,0.686
229,sanitation,70.26,0.703
229,housing,57.25,0.572
229,agriculture,67.94,0.679
229,transport,63.98,0.64
230,electricity,45.19,0.505
230,water,43.28,0.433
230,roads,76.55,0.766
230,health,45.51,0.455
230,education,55.73,0.557
230,sanitation,73.66,0.737
230,housing,49.5,0.495
230,agriculture,50.55,0.506
230,transport,78.87,0.789
231,electricity,12.14,0.191
231,water,59.79,0.598
231,roads,94.9,0.949
231,health,94.75,0.947
231,education,34.76,0.348
231,sanitation,43.86,0.439
231,housing,47.24,0.472
231,agriculture,90.66,0.907
231,transport,87.26,0.873
232,electricity,13.97,0.223
232,water,54.02,0.54
232,roads,40.25,0.403
232,health,84.19,0.842
232,education,75.73,0.757
232,sanitation,69.76,0.698
232,housing,94.17,0.942
232,agriculture,72.51,0.725
232,transport,30.51,0.305
233,electricity,15.54,0.236
233,water,49.46,0.495
233,roads,73.12,0.731
233,health,91.03,0.91
233,education,38.73,0.387
233,sanitation,37.5,0.375
233,housing,36.96,0.37
233,agriculture,65.96,0.66
233,transport,47.7,0.477
234,electricity,18.89,0.262
234,water,76.64,0.766
234,roads,43.23,0.432
234,health,71.23,0.712
234,education,47.16,0.472
234,sanitation,61.75,0.618
234,housing,88.85,0.888
234,agriculture,85.0,0.85
234,transport,36.0,0.36
235,electricity,9.31,0.172
235,water,47.98,0.48
235,roads,30.23,0.302
235,health,80.12,0.801
235,education,71.41,0.714
235,sanitation,47.03,0.47
235,housing,78.18,0.782
235,agriculture,65.86,0.659
235,transport,57.8,0.578
236,electricity,13.95,0.206
236,water,34.89,0.349
236,roads,87.4,0.874
236,health,88.76,0.888
236,education,65.46,0.655
236,sanitation,84.25,0.842
236,housing,67.86,0.679
236,agriculture,39.63,0.396
236,transport,38.28,0.383
237,electricity,7.33,0.152
237,water,88.43,0.884
237,roads,81.75,0.817
237,health,85.95,0.859
237,education,88.43,0.884
237,sanitation,43.65,0.437
237,housing,46.22,0.462
237,agriculture,36.68,0.367
237,transport,80.71,0.807
238,electricity,9.15,0.18
238,water,56.41,0.564
238,roads,70.34,0.703
238,health,40.05,0.4
238,education,90.44,0.904
238,sanitation,86.2,0.862
238,housing,93.45,0.935
238,agriculture,82.7,0.827
238,transport,87.29,0.873
239,electricity,12.87,0.196
239,water,77.88,0.779
239,roads,51.59,0.516
239,health,90.5,0.905
239,education,82.15,0.821
239,sanitation,86.16,0.862
239,housing,82.7,0.827
239,agriculture,47.34,0.473
239,transport,81.18,0.812
240,electricity,1.53,0.096
240,water,86.69,0.867
240,roads,85.81,0.858
240,health,44.46,0.445
240,education,83.08,0.831
240,sanitation,59.92,0.599
240,housing,49.84,0.498
240,agriculture,81.7,0.817
240,transport,44.79,0.448
602,electricity,81.24,0.812
602,water,42.55,0.426
602,roads,51.34,0.513
602,health,86.18,0.862
602,education,92.85,0.928
602,sanitation,48.14,0.481
602,housing,71.7,0.717
602,agriculture,55.98,0.56
602,transport,93.77,0.938
603,electricity,83.43,0.842
603,water,91.05,0.911
603,roads,37.5,0.375
603,health,93.08,0.931
603,education,41.61,0.416
603,sanitation,92.56,0.926
603,housing,47.26,0.473
603,agriculture,37.05,0.37
603,transport,58.25,0.582
604,electricity,79.21,0.807
604,water,50.39,0.504
604,roads,69.4,0.694
604,health,63.24,0.632
604,education,55.04,0.55
604,sanitation,67.48,0.675
604,housing,46.56,0.466
604,agriculture,76.07,0.761
604,transport,30.11,0.301
605,electricity,75.94,0.782
605,water,65.0,0.65
605,roads,76.76,0.768
605,health,78.23,0.782
605,education,73.59,0.736
605,sanitation,53.67,0.537
605,housing,34.55,0.345
605,agriculture,73.18,0.732
605,transport,51.46,0.515
606,electricity,77.32,0.782
606,water,85.12,0.851
606,roads,76.78,0.768
606,health,49.52,0.495
606,education,50.1,0.501
606,sanitation,56.55,0.565
606,housing,56.16,0.562
606,agriculture,49.22,0.492
606,transport,38.27,0.383
607,electricity,77.37,0.785
607,water,91.12,0.911
607,roads,74.03,0.74
607,health,88.68,0.887
607,education,70.01,0.7
607,sanitation,49.56,0.496
607,housing,65.62,0.656
607,agriculture,30.03,0.3
607,transport,48.65,0.486
608,electricity,71.38,0.731
608,water,67.7,0.677
608,roads,72.56,0.726
608,health,60.22,0.602
608,education,58.74,0.587
608,sanitation,43.89,0.439
608,housing,60.76,0.608
608,agriculture,88.58,0.886
608,transport,81.74,0.817
609,electricity,70.29,0.716
609,water,35.51,0.355
609,roads,63.5,0.635
609,health,71.14,0.711
609,education,51.79,0.518
609,sanitation,83.2,0.832
609,housing,78.82,0.788
609,agriculture,73.73,0.737
609,transport,44.6,0.446
610,electricity,70.55,0.719
610,water,31.59,0.316
610,roads,45.91,0.459
610,health,60.88,0.609
610,education,85.23,0.852
610,sanitation,34.73,0.347
610,housing,56.94,0.569
610,agriculture,70.93,0.709
610,transport,42.64,0.426
611,electricity,68.25,0.708
611,water,62.13,0.621
611,roads,45.86,0.459
611,health,72.64,0.726
611,education,30.36,0.304
611,sanitation,78.81,0.788
611,housing,80.05,0.801
611,agriculture,36.93,0.369
611,transport,57.63,0.576
612,electricity,70.08,0.714
612,water,92.27,0.923
612,roads,63.67,0.637
612,health,33.26,0.333
612,education,46.2,0.462
612,sanitation,85.14,0.851
612,housing,59.67,0.597
612,agriculture,82.09,0.821
612,transport,73.39,0.734
613,electricity,72.66,0.754
613,water,68.7,0.687
613,roads,91.75,0.918
613,health,87.94,0.879
613,education,69.82,0.698
613,sanitation,76.75,0.768
613,housing,62.81,0.628
613,agriculture,83.99,0.84
613,transport,65.61,0.656
614,electricity,74.41,0.768
614,water,78.34,0.783
614,roads,60.85,0.609
614,health,46.85,0.468
614,education,46.07,0.461
614,sanitation,71.45,0.714
614,housing,79.78,0.798
614,agriculture,63.88,0.639
614,transport,70.74,0.707
615,electricity,71.98,0.733
615,water,35.04,0.35
615,roads,48.57,0.486
615,health,47.66,0.477
615,education,50.78,0.508
615,sanitation,65.11,0.651
615,housing,38.99,0.39
615,agriculture,45.03,0.45
615,transport,75.11,0.751
616,electricity,69.81,0.722
616,water,34.17,0.342
616,roads,56.49,0.565
616,health,65.27,0.653
616,education,57.03,0.57
616,sanitation,43.44,0.434
616,housing,57.31,0.573
616,agriculture,88.81,0.888
616,transport,67.97,0.68
617,electricity,78.92,0.804
617,water,85.69,0.857
617,roads,79.76,0.798
617,health,54.72,0.547
617,education,30.38,0.304
617,sanitation,52.86,0.529
617,housing,78.98,0.79
617,agriculture,85.47,0.855
617,transport,91.97,0.92
618,electricity,73.77,0.752
618,water,78.59,0.786
618,roads,65.5,0.655
618,health,69.21,0.692
618,education,44.34,0.443
618,sanitation,44.26,0.443
618,housing,58.33,0.583
618,agriculture,31.89,0.319
618,transport,51.85,0.518
619,electricity,74.26,0.762
619,water,56.28,0.563
619,roads,40.73,0.407
619,health,60.38,0.604
619,education,38.3,0.383
619,sanitation,70.45,0.704
619,housing,31.75,0.318
619,agriculture,55.61,0.556
619,transport,66.69,0.667
620,electricity,73.75,0.744
620,water,71.78,0.718
620,roads,38.82,0.388
620,health,60.01,0.6
620,education,33.27,0.333
620,sanitation,54.64,0.546
620,housing,43.76,0.438
620,agriculture,51.24,0.512
620,transport,79.48,0.795
621,electricity,70.34,0.721
621,water,78.88,0.789
621,roads,84.08,0.841
621,health,46.4,0.464
621,education,35.32,0.353
621,sanitation,31.26,0.313
621,housing,65.06,0.651
621,agriculture,94.99,0.95
621,transport,52.75,0.527
622,electricity,69.46,0.718
622,water,80.78,0.808
622,roads,72.36,0.724
622,health,79.03,0.79
622,education,91.72,0.917
622,sanitation,42.96,0.43
622,housing,31.32,0.313
622,agriculture,39.9,0.399
622,transport,38.2,0.382
623,electricity,74.63,0.765
623,water,66.66,0.667
623,roads,44.17,0.442
623,health,75.47,0.755
623,education,79.85,0.798
623,sanitation,40.91,0.409
623,housing,69.47,0.695
623,agriculture,78.62,0.786
623,transport,37.44,0.374
624,electricity,76.06,0.781
624,water,92.71,0.927
624,roads,37.03,0.37
624,health,31.67,0.317
624,education,50.28,0.503
624,sanitation,74.03,0.74
624,housing,92.28,0.923
624,agriculture,55.78,0.558
624,transport,76.48,0.765
625,electricity,68.86,0.701
625,water,74.89,0.749
625,roads,70.77,0.708
625,health,36.62,0.366
625,education,80.21,0.802
625,sanitation,85.27,0.853
625,housing,69.03,0.69
625,agriculture,37.87,0.379
625,transport,93.95,0.939
626,electricity,69.84,0.724
626,water,52.57,0.526
626,roads,57.84,0.578
626,health,54.09,0.541
626,education,62.89,0.629
626,sanitation,52.18,0.522
626,housing,85.22,0.852
626,agriculture,83.45,0.835
626,transport,36.86,0.369
627,electricity,68.77,0.718
627,water,71.31,0.713
627,roads,83.87,0.839
627,health,75.98,0.76
627,education,58.31,0.583
627,sanitation,77.7,0.777
627,housing,92.76,0.928
627,agriculture,47.56,0.476
627,transport,82.53,0.825
628,electricity,73.18,0.749
628,water,61.43,0.614
628,roads,58.31,0.583
628,health,77.52,0.775
628,education,47.45,0.474
628,sanitation,85.36,0.854
628,housing,84.0,0.84
628,agriculture,35.63,0.356
628,transport,87.31,0.873
629,electricity,77.87,0.786
629,water,60.21,0.602
629,roads,69.67,0.697
629,health,54.63,0.546
629,education,31.87,0.319
629,sanitation,85.31,0.853
629,housing,41.82,0.418
629,agriculture,43.79,0.438
629,transport,81.86,0.819
630,electricity,69.27,0.71
630,water,87.22,0.872
630,roads,75.58,0.756
630,health,47.96,0.48
630,education,30.66,0.307
630,sanitation,91.62,0.916
630,housing,35.56,0.356
630,agriculture,76.8,0.768
630,transport,61.76,0.618
631,electricity,70.49,0.73
631,water,74.89,0.749
631,roads,71.98,0.72
631,health,61.9,0.619
631,education,81.54,0.815
631,sanitation,36.05,0.36
631,housing,44.4,0.444
631,agriculture,74.97,0.75
631,transport,49.9,0.499
632,electricity,76.63,0.781
632,water,60.76,0.608
632,roads,64.51,0.645
632,health,57.66,0.577
632,education,78.49,0.785
632,sanitation,51.5,0.515
632,housing,75.69,0.757
632,agriculture,47.61,0.476
632,transport,46.34,0.463
633,electricity,73.2,0.741
633,water,42.52,0.425
633,roads,37.77,0.378
633,health,64.83,0.648
633,education,79.54,0.795
633,sanitation,42.03,0.42
633,housing,44.07,0.441
633,agriculture,61.47,0.615
633,transport,77.1,0.771
