district_code,scheme,category,allocated_cr,spent_cr
203,Jal Jeevan Mission,water,1171.31,806.5
203,PMGSY,roads,1257.72,572.63
203,Ayushman Bharat,health,518.04,272.03
203,Samagra Shiksha,education,1372.19,559.55
203,PMAY,housing,1994.39,1098.65
204,Jal Jeevan Mission,water,1516.7,1068.29
204,PMGSY,roads,1925.72,904.04
204,Ayushman Bharat,health,877.64,588.0
204,Samagra Shiksha,education,2343.85,1677.58
204,PMAY,housing,2518.47,1617.51
205,Jal Jeevan Mission,water,143.35,61.39
205,PMGSY,roads,270.21,179.08
205,Ayushman Bharat,health,111.12,68.94
205,Samagra Shiksha,education,217.78,162.5
205,PMAY,housing,269.53,129.93
206,Jal Jeevan Mission,water,877.41,497.59
206,PMGSY,roads,1434.99,667.48
206,Ayushman Bharat,health,567.86,416.51
206,Samagra Shiksha,education,1528.69,801.23
206,PMAY,housing,1727.24,1118.88
207,Jal Jeevan Mission,water,1096.14,957.03
207,PMGSY,roads,1878.44,1066.88
207,Ayushman Bharat,health,705.69,518.89
207,Samagra Shiksha,education,1967.33,1812.26
207,PMAY,housing,1981.44,1022.55
208,Jal Jeevan Mission,water,593.03,288.44
208,PMGSY,roads,678.38,299.36
208,Ayushman Bharat,health,267.85,173.51
208,Samagra Shiksha,education,925.09,518.23
208,PMAY,housing,994.83,784.74
209,Jal Jeevan Mission,water,759.96,493.76
209,PMGSY,roads,1057.81,960.65
209,Ayushman Bharat,health,470.29,349.79
209,Samagra Shiksha,education,1197.14,1093.6
209,PMAY,housing,1363.69,953.91
210,Jal Jeevan Mission,water,447.56,402.63
210,PMGSY,roads,668.94,293.85
210,Ayushman Bharat,health,219.68,125.04
210,Samagra Shiksha,education,743.49,530.16
210,PMAY,housing,773.73,362.41
211,Jal Jeevan Mission,water,877.75,688.91
211,PMGSY,roads,1344.94,908.18
211,Ayushman Bharat,health,488.48,217.0
211,Samagra Shiksha,education,1065.5,679.38
211,PMAY,housing,1516.3,815.32
212,Jal Jeevan Mission,water,642.25,596.69
212,PMGSY,roads,1219.3,873.46
212,Ayushman Bharat,health,543.72,516.4
212,Samagra Shiksha,education,1313.06,719.86
212,PMAY,housing,1253.12,1022.48
213,Jal Jeevan Mission,water,494.54,375.02
213,PMGSY,roads,817.22,408.46
213,Ayushman Bharat,health,310.51,232.62
213,Samagra Shiksha,education,798.05,359.27
213,PMAY,housing,940.01,548.33
214,Jal Jeevan Mission,water,507.5,442.42
214,PMGSY,roads,619.94,484.5
214,Ayushman Bharat,health,260.95,240.03
214,Samagra Shiksha,education,855.62,601.12
214,PMAY,housing,933.16,534.69
215,Jal Jeevan Mission,water,914.76,854.02
215,PMGSY,roads,1325.26,905.19
215,Ayushman Bharat,health,705.92,537.71
215,Samagra Shiksha,education,1601.79,1004.78
215,PMAY,housing,1722.67,1031.84
216,Jal Jeevan Mission,water,1323.39,984.57
216,PMGSY,roads,1855.12,949.74
216,Ayushman Bharat,health,734.34,668.41
216,Samagra Shiksha,education,1872.89,1468.41
216,PMAY,housing,2037.02,1905.08
217,Jal Jeevan Mission,water,668.4,355.33
217,PMGSY,roads,774.17,544.21
217,Ayushman Bharat,health,392.33,177.05
217,Samagra Shiksha,education,1226.59,1106.52
217,PMAY,housing,1261.25,585.99
218,Jal Jeevan Mission,water,943.24,635.84
218,PMGSY,roads,1266.66,861.17
218,Ayushman Bharat,health,454.29,390.28
218,Samagra Shiksha,education,1588.1,848.13
218,PMAY,housing,1699.38,1038.27
219,Jal Jeevan Mission,water,1154.68,784.64
219,PMGSY,roads,1593.02,1394.23
219,Ayushman Bharat,health,539.72,450.4
219,Samagra Shiksha,education,1526.96,1395.39
219,PMAY,housing,1982.05,1687.32
220,Jal Jeevan Mission,water,797.86,450.16
220,PMGSY,roads,1265.8,1201.74
220,Ayushman Bharat,health,522.08,251.5
220,Samagra Shiksha,education,1419.58,837.3
220,PMAY,housing,1783.8,1246.67
221,Jal Jeevan Mission,water,1046.36,603.73
221,PMGSY,roads,1305.79,1023.25
221,Ayushman Bharat,health,657.59,347.51
221,Samagra Shiksha,education,1892.51,802.43
221,PMAY,housing,2339.35,1843.11
222,Jal Jeevan Mission,water,835.14,511.39
222,PMGSY,roads,1107.76,943.16
222,Ayushman Bharat,health,531.28,357.25
222,Samagra Shiksha,education,968.17,654.73
222,PMAY,housing,1538.85,1351.62
223,Jal Jeevan Mission,water,479.09,307.66
223,PMGSY,roads,589.47,383.93
223,Ayushman Bharat,health,272.28,170.31
223,Samagra Shiksha,education,708.03,343.33
223,PMAY,housing,823.27,768.16
224,Jal Jeevan Mission,water,710.4,554.81
224,PMGSY,roads,1126.94,978.72
224,Ayushman Bharat,health,519.88,453.67
224,Samagra Shiksha,education,1156.79,664.18
224,PMAY,housing,1651.77,1350.6
225,Jal Jeevan Mission,water,584.46,245.32
225,PMGSY,roads,589.22,440.23
225,Ayushman Bharat,health,356.6,338.27
225,Samagra Shiksha,education,894.24,571.14
225,PMAY,housing,853.97,639.25
226,Jal Jeevan Mission,water,392.9,253.04
226,PMGSY,roads,515.87,462.67
226,Ayushman Bharat,health,167.91,140.68
226,Samagra Shiksha,education,501.89,304.22
226,PMAY,housing,586.93,406.24
227,Jal Jeevan Mission,water,256.83,214.68
227,PMGSY,roads,304.07,134.84
227,Ayushman Bharat,health,172.41,127.73
227,Samagra Shiksha,education,358.86,323.71
227,PMAY,housing,429.01,280.42
228,Jal Jeevan Mission,water,143.43,77.51
228,PMGSY,roads,179.01,150.83
228,Ayushman Bharat,health,110.77,85.59
228,Samagra Shiksha,education,219.71,141.27
228,PMAY,housing,298.52,215.88
229,Jal Jeevan Mission,water,759.39,480.98
229,PMGSY,roads,906.5,784.05
229,Ayushman Bharat,health,379.72,232.23
229,Samagra Shiksha,education,1143.33,606.49
229,PMAY,housing,1480.22,1060.05
230,Jal Jeevan Mission,water,1747.27,982.63
230,PMGSY,roads,2434.13,1854.87
230,Ayushman Bharat,health,796.77,566.71
230,Samagra Shiksha,education,2508.95,2031.17
230,PMAY,housing,2392.65,1755.07
231,Jal Jeevan Mission,water,681.21,611.24
231,PMGSY,roads,873.27,733.0
231,Ayushman Bharat,health,426.79,253.42
231,Samagra Shiksha,education,1151.0,853.46
231,PMAY,housing,1461.21,1163.87
232,Jal Jeevan Mission,water,453.75,390.72
232,PMGSY,roads,627.86,563.11
232,Ayushman Bharat,health,270.94,154.41
232,Samagra Shiksha,education,666.38,478.97
232,PMAY,housing,932.47,419.22
233,Jal Jeevan Mission,water,373.27,302.77
233,PMGSY,roads,495.38,234.16
233,Ayushman Bharat,health,247.8,231.53
233,Samagra Shiksha,education,658.58,594.32
233,PMAY,housing,920.69,498.4
234,Jal Jeevan Mission,water,836.09,556.01
234,PMGSY,roads,1162.98,942.72
234,Ayushman Bharat,health,415.34,192.45
234,Samagra Shiksha,education,1403.19,669.9
234,PMAY,housing,1756.12,1533.23
235,Jal Jeevan Mission,water,691.97,649.74
235,PMGSY,roads,1055.19,889.02
235,Ayushman Bharat,health,360.55,301.02
235,Samagra Shiksha,education,818.48,568.94
235,PMAY,housing,1247.07,960.31
236,Jal Jeevan Mission,water,1173.54,846.72
236,PMGSY,roads,1735.22,1591.47
236,Ayushman Bharat,health,555.52,293.65
236,Samagra Shiksha,education,1422.84,1261.1
236,PMAY,housing,2249.64,2032.31
237,Jal Jeevan Mission,water,492.95,214.32
237,PMGSY,roads,877.32,789.73
237,Ayushman Bharat,health,306.53,191.45
237,Samagra Shiksha,education,759.76,699.31
237,PMAY,housing,1022.74,686.2
238,Jal Jeevan Mission,water,369.19,327.84
238,PMGSY,roads,526.35,341.87
238,Ayushman Bharat,health,282.07,228.12
238,Samagra Shiksha,education,829.78,523.19
238,PMAY,housing,965.5,468.26
239,Jal Jeevan Mission,water,271.75,123.5
239,PMGSY,roads,392.18,244.9
239,Ayushman Bharat,health,199.28,83.3
239,Samagra Shiksha,education,426.81,274.81
239,PMAY,housing,664.06,578.06
240,Jal Jeevan Mission,water,147.13,114.34
240,PMGSY,roads,249.66,234.13
240,Ayushman Bharat,health,99.18,61.39
240,Samagra Shiksha,education,245.55,114.72
240,PMAY,housing,399.2,259.52
602,Jal Jeevan Mission,water,992.71,747.45
602,PMGSY,roads,1355.54,558.14
602,Ayushman Bharat,health,623.37,332.86
602,Samagra Shiksha,education,1268.11,901.01
602,PMAY,housing,1542.4,1266.06
603,Jal Jeevan Mission,water,1025.61,532.06
603,PMGSY,roads,1866.86,1084.1
603,Ayushman Bharat,health,598.75,536.05
603,Samagra Shiksha,education,1489.06,1298.65
603,PMAY,housing,1993.16,939.77
604,Jal Jeevan Mission,water,899.87,446.31
604,PMGSY,roads,1489.54,616.94
604,Ayushman Bharat,health,483.36,403.36
604,Samagra Shiksha,education,1431.65,827.6
604,PMAY,housing,1738.64,745.56
605,Jal Jeevan Mission,water,1079.23,743.96
605,PMGSY,roads,1513.1,1001.57
605,Ayushman Bharat,health,656.11,447.65
605,Samagra Shiksha,education,1328.31,899.41
605,PMAY,housing,2318.83,982.84
606,Jal Jeevan Mission,water,686.03,601.54
606,PMGSY,roads,870.11,567.24
606,Ayushman Bharat,health,438.36,190.01
606,Samagra Shiksha,education,977.66,607.02
606,PMAY,housing,1324.18,886.73
607,Jal Jeevan Mission,water,1006.43,443.25
607,PMGSY,roads,1007.61,740.15
607,Ayushman Bharat,health,428.7,236.32
607,Samagra Shiksha,education,1457.2,1022.36
607,PMAY,housing,1608.5,1523.33
608,Jal Jeevan Mission,water,881.15,572.35
608,PMGSY,roads,1270.11,577.33
608,Ayushman Bharat,health,564.46,490.54
608,Samagra Shiksha,education,1476.9,1215.39
608,PMAY,housing,1894.82,982.02
609,Jal Jeevan Mission,water,423.29,222.51
609,PMGSY,roads,565.38,367.17
609,Ayushman Bharat,health,250.29,113.2
609,Samagra Shiksha,education,670.41,513.41
609,PMAY,housing,819.89,396.79
610,Jal Jeevan Mission,water,658.18,287.57
610,PMGSY,roads,892.7,402.85
610,Ayushman Bharat,health,283.26,228.4
610,Samagra Shiksha,education,1013.02,715.2
610,PMAY,housing,1164.81,825.7
611,Jal Jeevan Mission,water,171.32,80.05
611,PMGSY,roads,242.32,185.6
611,Ayushman Bharat,health,121.35,106.48
611,Samagra Shiksha,education,320.17,298.6
611,PMAY,housing,382.47,226.96
612,Jal Jeevan Mission,water,556.77,287.85
612,PMGSY,roads,803.31,420.4
612,Ayushman Bharat,health,273.2,236.3
612,Samagra Shiksha,education,818.14,670.41
612,PMAY,housing,1111.9,938.41
613,Jal Jeevan Mission,water,302.86,283.48
613,PMGSY,roads,420.03,309.76
613,Ayushman Bharat,health,168.79,69.95
613,Samagra Shiksha,education,498.88,427.14
613,PMAY,housing,482.74,241.0
614,Jal Jeevan Mission,water,735.75,419.34
614,PMGSY,roads,891.76,359.7
614,Ayushman Bharat,health,468.76,333.51
614,Samagra Shiksha,education,1045.7,499.88
614,PMAY,housing,1433.65,597.63
615,Jal Jeevan Mission,water,155.22,80.45
615,PMGSY,roads,191.48,112.5
615,Ayushman Bharat,health,80.38,64.05
615,Samagra Shiksha,education,251.13,178.85
615,PMAY,housing,235.69,101.1
616,Jal Jeevan Mission,water,162.86,120.49
616,PMGSY,roads,282.6,155.33
616,Ayushman Bharat,health,120.57,80.43
616,Samagra Shiksha,education,294.96,162.3
616,PMAY,housing,415.94,192.41
617,Jal Jeevan Mission,water,633.21,351.93
617,PMGSY,roads,977.19,652.42
617,Ayushman Bharat,health,417.02,177.22
617,Samagra Shiksha,education,998.7,728.68
617,PMAY,housing,1046.37,592.02
618,Jal Jeevan Mission,water,357.43,169.95
618,PMGSY,roads,510.43,296.29
618,Ayushman Bharat,health,194.72,157.89
618,Samagra Shiksha,education,562.7,342.75
618,PMAY,housing,874.07,590.12
619,Jal Jeevan Mission,water,358.21,302.12
619,PMGSY,roads,366.75,320.53
619,Ayushman Bharat,health,154.92,63.57
619,Samagra Shiksha,education,590.91,516.55
619,PMAY,housing,651.29,465.92
620,Jal Jeevan Mission,water,651.88,410.51
620,PMGSY,roads,712.44,293.15
620,Ayushman Bharat,health,335.59,282.14
620,Samagra Shiksha,education,1007.83,864.33
620,PMAY,housing,1404.93,630.07
621,Jal Jeevan Mission,water,460.34,245.74
621,PMGSY,roads,586.56,403.66
621,Ayushman Bharat,health,232.63,132.75
621,Samagra Shiksha,education,605.78,353.28
621,PMAY,housing,701.76,477.73
622,Jal Jeevan Mission,water,283.09,192.63
622,PMGSY,roads,544.79,322.6
622,Ayushman Bharat,health,219.13,186.36
622,Samagra Shiksha,education,603.14,319.63
622,PMAY,housing,574.86,292.32
623,Jal Jeevan Mission,water,790.67,646.87
623,PMGSY,roads,1129.53,561.86
623,Ayushman Bharat,health,505.48,339.56
623,Samagra Shiksha,education,1338.99,1095.21
623,PMAY,housing,1488.08,1351.6
624,Jal Jeevan Mission,water,319.51,239.45
624,PMGSY,roads,457.78,400.72
624,Ayushman Bharat,health,196.39,94.86
624,Samagra Shiksha,education,412.3,265.2
624,PMAY,housing,573.82,316.21
625,Jal Jeevan Mission,water,399.37,271.18
625,PMGSY,roads,628.25,407.45
625,Ayushman Bharat,health,239.7,205.53
625,Samagra Shiksha,education,645.38,564.92
625,PMAY,housing,1109.16,818.84
626,Jal Jeevan Mission,water,339.32,222.08
626,PMGSY,roads,484.0,404.38
626,Ayushman Bharat,health,235.16,152.23
626,Samagra Shiksha,education,608.47,461.53
626,PMAY,housing,628.41,415.75
627,Jal Jeevan Mission,water,376.44,163.39
627,PMGSY,roads,515.41,461.04
627,Ayushman Bharat,health,246.09,195.11
627,Samagra Shiksha,education,701.34,347.1
627,PMAY,housing,786.79,504.15
628,Jal Jeevan Mission,water,750.67,516.09
628,PMGSY,roads,930.02,562.72
628,Ayushman Bharat,health,421.5,263.36
628,Samagra Shiksha,education,1151.31,839.12
628,PMAY,housing,1716.62,1297.8
629,Jal Jeevan Mission,water,386.4,174.65
629,PMGSY,roads,701.34,390.14
629,Ayushman Bharat,health,305.66,232.64
629,Samagra Shiksha,education,869.75,765.65
629,PMAY,housing,872.85,628.9
630,Jal Jeevan Mission,water,322.68,191.16
630,PMGSY,roads,626.06,490.93
630,Ayushman Bharat,health,216.26,157.28
630,Samagra Shiksha,education,708.34,403.94
630,PMAY,housing,716.26,598.37
631,Jal Jeevan Mission,water,528.83,406.44
631,PMGSY,roads,744.51,600.31
631,Ayushman Bharat,health,302.88,208.84
631,Samagra Shiksha,education,795.84,503.67
631,PMAY,housing,887.96,532.27
632,Jal Jeevan Mission,water,753.94,390.4
632,PMGSY,roads,1427.04,952.48
632,Ayushman Bharat,health,461.97,219.74
632,Samagra Shiksha,education,1149.27,993.47
632,PMAY,housing,1453.17,1197.38
633,Jal Jeevan Mission,water,702.84,622.73
633,PMGSY,roads,707.24,413.89
633,Ayushman Bharat,health,411.47,194.25
633,Samagra Shiksha,education,942.72,461.21
633,PMAY,housing,1403.81,1156.89
